iso3,country_name,region,income_group,start_year,end_year,pm25_mean,pm25_latest,pm25_peak,pm25_trend,gdp_mean,urban_mean,pm25_percent_change
AFE,Africa Eastern and Southern,Aggregates,Aggregates,2004,2020,27.764879564714608,26.7556863585895,29.9084407978715,0.04376635708470765,1419.4508922971454,33.20504327703585,-3.634783301591034
AFG,Afghanistan,"Middle East, North Africa, Afghanistan & Pakistan",Low income,2004,2020,62.84677416603075,46.0870936659706,77.1437275538632,0.25574865787239953,500.6636109145222,24.189647058823528,-26.66752704885672
AFW,Africa Western and Central,Aggregates,Aggregates,2004,2020,54.58638504945134,54.8918200968729,71.2950510903224,0.34130168116915915,1687.803535716416,42.91928412155232,0.5595443756622808
AGO,Angola,Sub-Saharan Africa ,Lower middle income,2004,2020,24.38781443361496,25.1452381976267,25.1807008149163,0.04190610556106635,2931.6532273403996,61.15841176470588,3.1057467903632427
ALB,Albania,Europe & Central Asia,Upper middle income,2004,2020,20.089237509889102,15.7070036417042,22.7999042481871,-0.4177968748294265,3682.4090252758415,54.153764705882345,-21.813838708550833
AND,Andorra,Europe & Central Asia,High income,2004,2020,11.854857258792983,9.08028059086901,14.9275487539332,-0.36632850555150354,38259.16641417538,88.81917647058823,-23.404555680044258
ARB,Arab World,Aggregates,Aggregates,2004,2020,45.473964976233916,39.7132146879838,49.0223476394788,-0.12991465702852745,5992.306922600748,56.17012832931005,-12.668238389286834
ARE,United Arab Emirates,"Middle East, North Africa, Afghanistan & Pakistan",High income,2004,2020,43.63466106818936,36.3055030826594,49.8585704896572,-0.13035415304562806,46134.95336809391,84.6399411764706,-16.796642407916124
ARG,Argentina,Latin America & Caribbean ,Upper middle income,2004,2020,14.599099504243654,14.9081737974407,16.3426626515998,-0.08669428806577832,12810.290789851388,91.06558823529411,2.117077790361005
ARM,Armenia,Europe & Central Asia,Upper middle income,2004,2020,34.148854521965205,30.5796334750125,43.2896148307344,0.39749870235299845,3196.972642368522,63.41064705882353,-10.451949551212364
ASM,American Samoa,East Asia & Pacific,High income,2004,2020,6.47195589567967,6.71514739512663,6.98174556652016,0.01966837215004267,12598.825581045947,87.52382352941176,3.7576198504273073
ATG,Antigua and Barbuda,Latin America & Caribbean ,High income,2004,2020,18.2412784067897,19.6982695582914,19.9208792974299,0.15425858955381785,17216.17546021813,26.233823529411765,7.987330268252387
AUS,Australia,East Asia & Pacific,High income,2004,2020,7.482103337235653,8.25171746070811,9.33099031566264,0.07499050464281987,54935.10145758797,85.37311764705883,10.286066481364566
AUT,Austria,Europe & Central Asia,High income,2004,2020,14.84869332992939,10.9335136815146,18.4343485142981,-0.480017950435127,43635.665549576646,58.00788235294118,-26.367166197198355
AZE,Azerbaijan,Europe & Central Asia,Upper middle income,2004,2020,23.194155837015412,21.7269999756599,29.1805878419231,0.2744386205014191,4760.433158891904,54.048,-6.325541104686752
BDI,Burundi,Sub-Saharan Africa ,Low income,2004,2020,29.671927549790798,29.6541345084659,31.2135166042476,0.008587470033141035,283.7786392689668,11.28094117647059,-0.059965909848758756
BEL,Belgium,Europe & Central Asia,High income,2004,2020,14.901382123277813,11.2160664677018,17.70163525187,-0.460199365367627,40394.25361228478,97.7330588235294,-24.73136803745936
BEN,Benin,Sub-Saharan Africa ,Lower middle income,2004,2020,49.06676070562065,51.0478241974862,66.6561284323416,0.7057689549216983,979.9457640088519,44.16188235294118,4.037485791554638
BFA,Burkina Faso,Sub-Saharan Africa ,Low income,2004,2020,59.23030049227029,58.4706762025055,71.873244459767,-0.2326111046105068,596.0160768298706,25.79235294117647,-1.2824927164837192
BGD,Bangladesh,South Asia,Lower middle income,2004,2020,54.89515408449034,42.3813762359965,68.3283645116627,0.3576933221101739,1093.8983065627615,32.04670588235294,-22.795778711602875
BGR,Bulgaria,Europe & Central Asia,High income,2004,2020,22.303966881926094,17.1474236131426,26.1914143794342,-0.5151486111850069,6825.592002040155,72.97176470588234,-23.11939977350878
BHR,Bahrain,"Middle East, North Africa, Afghanistan & Pakistan",High income,2004,2020,67.33141318937595,58.4950629834781,75.9706504898194,-0.7726425767721897,23532.951018902488,88.83370588235294,-13.123666632459924
BHS,"Bahamas, The",Latin America & Caribbean ,High income,2004,2020,18.126659886283427,18.9393918728687,19.1256311837319,0.07041939108968122,31095.180327037993,82.60517647058823,4.483627936331907
BIH,Bosnia and Herzegovina,Europe & Central Asia,Upper middle income,2004,2020,34.33736812482246,26.6019532713554,39.4031643248459,-0.7268252178430068,4304.015320194412,46.24158823529412,-22.527687111450852
BLR,Belarus,Europe & Central Asia,Upper middle income,2004,2020,18.960413412399507,14.6089903841381,22.4773987093966,-0.4841799801760608,5477.529248912425,75.69264705882352,-22.950042984905146
BLZ,Belize,Latin America & Caribbean ,Upper middle income,2004,2020,25.28275949668095,28.6518070195516,28.6518070195516,0.24098883690401532,6001.9446578017005,45.42123529411764,13.325473919541619
BMU,Bermuda,North America,High income,2004,2020,7.43371253804106,7.33600052500811,8.46710713298417,-0.05565773984821056,113916.71758938885,100.0,-1.3144443309170333
BOL,Bolivia,Latin America & Caribbean ,Lower middle income,2004,2020,34.98075219482805,22.879459074231,59.7162505298355,-2.2515574620704557,2686.5385206619326,67.11805882352941,-34.59414781362604
BRA,Brazil,Latin America & Caribbean ,Upper middle income,2004,2020,13.951078695014033,12.1793252040724,15.539471795948,-0.24973068578215096,8510.282202771277,84.87741176470588,-12.699759851364314
BRB,Barbados,Latin America & Caribbean ,High income,2004,2020,22.125462073222778,23.7309657842996,24.4150757393389,0.21059278700574605,19556.044983093485,31.780647058823526,7.2563624016687704
BRN,Brunei Darussalam,East Asia & Pacific,High income,2004,2020,7.28972371910871,7.59726503432135,8.03840256929202,0.06419642353528668,32908.92508529463,75.60470588235296,4.218833621999636
BTN,Bhutan,South Asia,Lower middle income,2004,2020,32.72111899680784,23.9456576369223,40.2981530542455,0.02805394756662138,2544.6234199764335,36.30229411764706,-26.818952495914473
BWA,Botswana,Sub-Saharan Africa ,Upper middle income,2004,2020,21.05412046473455,18.9057549925814,22.702553769979,-0.09356493262480675,6089.785302642618,63.72994117647058,-10.204014343660853
CAF,Central African Republic,Sub-Saharan Africa ,Low income,2004,2020,33.738329675456576,34.4334184466457,38.5999376665904,0.13843951550638095,431.0138405801082,39.648411764705884,2.060234688188429
CAN,Canada,North America,High income,2004,2020,7.790100884039594,6.56566994375263,9.64158604337681,-0.20923904709065838,42541.82769625058,80.94364705882353,-15.717780276704582
CEB,Central Europe and the Baltics,Aggregates,Aggregates,2004,2020,20.935053714537215,15.7396365732288,23.9580618563879,-0.5096696013435442,11889.32971693074,62.05412642597016,-24.816832152194284
CHE,Switzerland,Europe & Central Asia,High income,2004,2020,12.200034345057507,9.06104968621636,14.6563247870221,-0.3535326825693136,82126.32858017307,73.65535294117646,-25.729310017170693
CHL,Chile,Latin America & Caribbean ,High income,2004,2020,23.699985312383088,23.2750668049145,26.6987521826339,-0.14258200467812362,12212.994128316559,87.19858823529411,-1.7929062059231429
CHN,China,East Asia & Pacific,Upper middle income,2004,2020,48.01502911548549,34.8105237153218,58.4662215596184,-0.7149535346884316,6787.626346353711,51.58882352941176,-27.50077557675595
CIV,Cote d'Ivoire,Sub-Saharan Africa ,Lower middle income,2004,2020,47.53084228590588,49.4977827339493,61.954609777616,0.3166950415052425,1667.8649177921595,48.20058823529411,4.1382402529539695
CMR,Cameroon,Sub-Saharan Africa ,Lower middle income,2004,2020,40.856204490466126,39.8126251004519,51.9499452409616,0.17380246163743604,1352.5741698812358,52.761823529411764,-2.5542739542968174
COD,"Congo, Dem. Rep.",Sub-Saharan Africa ,Low income,2004,2020,26.662628533755996,26.6494833206385,28.461870876218,0.020000106015687687,410.8255621600961,41.17094117647059,-0.049302014993961814
COG,"Congo, Rep.",Sub-Saharan Africa ,Lower middle income,2004,2020,28.180962767258887,28.5737499496554,30.5591063026375,0.05928845014340094,2166.2289089262395,64.17476470588235,1.3938032764901163
COL,Colombia,Latin America & Caribbean ,Upper middle income,2004,2020,18.50839127804273,14.1832514905064,21.8887421322682,-0.4091676706560803,5559.146953971114,78.63382352941177,-23.368534426152003
COM,Comoros,Sub-Saharan Africa ,Lower middle income,2004,2020,11.674756676485911,11.9332724091044,12.3436803657737,-0.031807179257078544,1228.7490229277194,28.31729411764706,2.214313666503775
CPV,Cabo Verde,Sub-Saharan Africa ,Upper middle income,2004,2020,37.658151815494925,42.3225220905558,53.8692623569653,0.7395930783712769,3267.2784520344003,62.391294117647064,12.38608388938955
CRI,Costa Rica,Latin America & Caribbean ,High income,2004,2020,17.691267615048602,14.3075712471404,20.4200904256551,-0.34031697354113805,10857.014581809912,73.40817647058824,-19.12636472148526
CSS,Caribbean small states,Aggregates,Aggregates,2004,2020,23.179658119851698,24.8557248353072,25.0874236712079,0.20507056154231043,13591.66587502329,48.529105845802505,7.230765470264084
CUB,Cuba,Latin America & Caribbean ,Upper middle income,2004,2020,19.8715300772164,21.2367242811561,21.4005165459257,0.12157947962138,6897.237120189821,76.67870588235294,6.870101087509904
CYP,Cyprus,Europe & Central Asia,High income,2004,2020,17.15348158229062,13.508701890821,19.7058229652141,-0.38036654365835526,25693.187614889706,67.40023529411765,-21.2480461997436
CZE,Czechia,Europe & Central Asia,High income,2004,2020,19.22561590526889,14.1110711384133,22.3146621698858,-0.511207787523829,17352.42807804987,73.51729411764705,-26.602761607517184
DEU,Germany,Europe & Central Asia,High income,2004,2020,14.101736694050489,10.2876894329414,16.7455957407135,-0.4492879336553246,40266.75149147347,76.89141176470588,-27.046649245112004
DJI,Djibouti,"Middle East, North Africa, Afghanistan & Pakistan",Lower middle income,2004,2020,41.98390852419909,35.9243304831101,49.9458902567221,0.1835401120256529,2315.4389192816416,77.2390588235294,-14.433096522198053
DMA,Dominica,Latin America & Caribbean ,Upper middle income,2004,2020,19.25643195706495,20.6672998234563,21.0269310891431,0.1696887518672645,8201.669143364039,68.69035294117646,7.326735656621574
DNK,Denmark,Europe & Central Asia,High income,2004,2020,11.737487296703012,9.06983927345931,14.4139688325594,-0.356881783591533,53306.057576443025,87.02699999999999,-22.727590290922212
DOM,Dominican Republic,Latin America & Caribbean ,Upper middle income,2004,2020,18.482325078971652,19.8267440369685,19.9571847572804,0.13029784927492366,6115.865421286051,75.2039411764706,7.274079166189247
DZA,Algeria,"Middle East, North Africa, Afghanistan & Pakistan",Upper middle income,2004,2020,25.06905053256037,25.5526558310447,27.0945424726476,-0.10390152400867951,4483.305941906063,68.71488235294117,1.9290929979825437
EAP,East Asia & Pacific (excluding high income),Aggregates,Aggregates,2004,2020,40.35660954326383,30.4014002906163,47.4474996906878,-0.6908768222562578,5556.829468631375,49.52067764495185,-24.66810112473686
EAR,Early-demographic dividend,Aggregates,Aggregates,2004,2020,47.260069877330665,37.4158024833556,54.7311554832405,0.07621131824899771,2972.8415563550943,42.67999500111603,-20.82998907857537
EAS,East Asia & Pacific,Aggregates,Aggregates,2004,2020,37.75471607593142,28.8820060378253,44.2717616988735,-0.6011778632944103,8607.338070695268,53.545304770354974,-23.500931698867845
ECA,Europe & Central Asia (excluding high income),Aggregates,Aggregates,2004,2020,24.61460963226349,22.0578086712715,27.7140237712932,0.012517212975566346,5649.876336046919,61.819350816865985,-10.387330935529755
ECS,Europe & Central Asia,Aggregates,Aggregates,2004,2020,17.402108608051307,14.3048173647202,19.2174371757879,-0.29294199893269146,22141.933660987437,71.06470947214225,-17.79836750299389
ECU,Ecuador,Latin America & Caribbean ,Upper middle income,2004,2020,25.540366019760565,16.6570210758922,42.9326149031908,-1.623320837621111,5383.571290114039,62.913,-34.78158823955509
EGY,"Egypt, Arab Rep.","Middle East, North Africa, Afghanistan & Pakistan",Lower middle income,2004,2020,65.50818751531673,54.8587056496436,76.4681376215846,-0.2885290660334942,3198.367513020022,42.90541176470588,-16.256718846301666
EMU,Euro area,Aggregates,Aggregates,2004,2020,14.478482470069853,11.0040291952193,17.6673344463056,-0.43979905282349074,34151.99531103297,75.4429340247363,-23.997358024454552
ERI,Eritrea,Sub-Saharan Africa ,Low income,2004,2020,39.889695527255775,32.3515206386852,43.4740446424338,-0.2129833228302552,753.5480900256716,36.20152941176471,-18.897549326792678
ESP,Spain,Europe & Central Asia,High income,2004,2020,11.954780960653355,9.58105460690675,14.8304822106943,-0.3343809971812321,26251.81881552469,78.90864705882352,-19.855874913636857
EST,Estonia,Europe & Central Asia,High income,2004,2020,8.251172041932355,6.14573290973003,9.87858866644381,-0.22816111864776084,17038.580393508848,68.50217647058824,-25.516849260959646
ETH,Ethiopia,Sub-Saharan Africa ,Not classified,2004,2020,29.838734010811482,27.3053276470482,32.643963058463,0.08550401127684197,521.7327843220994,18.27723529411765,-8.490327916879293
EUU,European Union,Aggregates,Aggregates,2004,2020,15.680202131911653,11.8363007509251,18.8353262670694,-0.4573580471872751,30287.691407121823,73.33238131298835,-24.514361158416545
FCS,Fragile and conflict affected situations,Aggregates,Aggregates,2004,2020,40.263600596497014,38.1474819052194,47.3622831035329,0.07886243770296782,1750.8804249591924,40.829049960111305,-5.255661838304938
FIN,Finland,Europe & Central Asia,High income,2004,2020,6.360201743557646,4.89518090216668,7.63663920076146,-0.18291790686346984,43931.05137307422,84.35317647058824,-23.03418822956221
FJI,Fiji,East Asia & Pacific,Upper middle income,2004,2020,12.527252222832447,12.4187981716598,12.9123773053208,-0.015995873795885306,4705.9558458612655,53.235,-0.8657449314780769
FRA,France,Europe & Central Asia,High income,2004,2020,12.493052356203496,9.60038144780495,15.1340731426338,-0.37596376562005707,36304.19603123012,78.89847058823528,-23.154236658282908
FSM,"Micronesia, Fed. Sts.",East Asia & Pacific,Lower middle income,2004,2020,12.174718907267422,12.1144203347628,12.7021122268013,-0.0393747103088295,2907.5332054899177,22.449176470588235,-0.49527691738844926
GAB,Gabon,Sub-Saharan Africa ,Upper middle income,2004,2020,27.520625643216054,29.9548734558765,30.7390246342706,0.1321372273708831,6795.350861763051,86.3714705882353,8.84517613886622
GBR,United Kingdom,Europe & Central Asia,High income,2004,2020,11.916541788917817,9.91288560282114,14.8318116539182,-0.3250816805687141,43997.926566399954,81.8114117647059,-16.814074264062445
GEO,Georgia,Europe & Central Asia,Upper middle income,2004,2020,18.449844188362675,17.0438421058507,23.0631259897014,0.21809791755163332,3568.357126952237,56.30929411764706,-7.620671850436642
GHA,Ghana,Sub-Saharan Africa ,Lower middle income,2004,2020,52.396646214465974,54.2427873097724,68.0112284884927,0.5771200561361168,1554.779332548684,52.04011764705882,3.523395539000615
GIN,Guinea,Sub-Saharan Africa ,Lower middle income,2004,2020,45.15321040294545,43.7674450148382,54.2776680884158,0.1963670045378745,747.9526774067056,34.31064705882353,-3.069029590013047
GMB,"Gambia, The",Sub-Saharan Africa ,Low income,2004,2020,56.009302330478036,58.3640402179659,66.4198505891995,0.4617916075777973,650.374461028986,57.042058823529416,4.2041907138816645
GNB,Guinea-Bissau,Sub-Saharan Africa ,Low income,2004,2020,50.194934251347554,50.2127655060307,56.920191943344,0.24693892751255486,637.666474322817,40.93735294117647,0.03552401243092821
GNQ,Equatorial Guinea,Sub-Saharan Africa ,Upper middle income,2004,2020,31.630299727720594,35.3790521811967,38.4946753401213,0.2847054139548707,9683.537108446852,66.74894117647058,11.851776574190099
GRC,Greece,Europe & Central Asia,High income,2004,2020,18.778679180639863,14.4089280374361,22.9484566697207,-0.5620919000161511,20111.137054555544,76.963,-23.269747042213798
GRD,Grenada,Latin America & Caribbean ,Upper middle income,2004,2020,22.967373497502077,24.6572416056476,25.177742151728,0.2265396244724919,8311.864475706598,36.01064705882353,7.3576898478587935
GRL,Greenland,Europe & Central Asia,High income,2004,2020,6.441954076903752,6.55624754182179,7.4921548326333,0.014763027936192542,43286.01778934826,85.04641176470588,1.7742049004635572
GTM,Guatemala,Latin America & Caribbean ,Upper middle income,2004,2020,26.94849279756154,21.6357355920496,31.9211611002083,-0.5377695743315226,3697.867816963428,49.08858823529411,-19.714487357128448
GUM,Guam,East Asia & Pacific,High income,2004,2020,8.626003530470427,9.57510553293178,10.7767958943295,0.1110280287002852,33524.26015223195,94.26129411764705,11.002800997110091
GUY,Guyana,Latin America & Caribbean ,High income,2004,2020,24.545854042574245,25.460668047299,26.0920734823741,0.12671948078928644,5342.283818033506,26.85735294117647,3.726959359971867
HND,Honduras,Latin America & Caribbean ,Lower middle income,2004,2020,24.23321574866957,20.3136833896573,28.5787777048828,-0.4783159242119144,2190.618838962244,53.18088235294118,-16.174214762345173
HPC,Heavily indebted poor countries (HIPC),Aggregates,Aggregates,2004,2020,38.13722188351065,36.1629038373708,43.5867398626593,0.060429480870549494,857.9708443140279,33.43325907913048,-5.176879564459003
HRV,Croatia,Europe & Central Asia,High income,2004,2020,21.018272165216764,16.1208592960264,24.7706419784151,-0.515997427004129,12516.9178610819,55.645941176470586,-23.300739616908743
HTI,Haiti,Latin America & Caribbean ,Lower middle income,2004,2020,19.88346128720572,21.3502554448061,21.5479155500506,0.17067143292149906,1369.360235742427,49.45194117647059,7.3769558348686886
HUN,Hungary,Europe & Central Asia,High income,2004,2020,18.98507934549849,14.1364995764273,21.9810080314777,-0.4818933292716791,12417.12682008463,69.31676470588235,-25.53889652413187
IBD,IBRD only,Aggregates,Aggregates,2004,2020,42.51900948339003,32.9550477515013,49.2162433541651,-0.23389640970422984,4951.727134590081,51.34524066930432,-22.49337848668576
IBT,IDA & IBRD total,Aggregates,Aggregates,2004,2020,42.79718347114136,34.5330969219711,48.218756298775,-0.1369939131706999,4020.1204519858466,47.04034120584092,-19.309884153341137
IDA,IDA total,Aggregates,Aggregates,2004,2020,43.55393068294045,38.842742871395,51.0361568100881,0.14045455275930885,1250.0038723590742,34.08313341429948,-10.81690616133245
IDB,IDA blend,Aggregates,Aggregates,2004,2020,49.879092045726416,44.3434332455677,62.2537310344529,0.3063222597862742,1779.0536108692536,39.776720454062776,-11.098154703946747
IDN,Indonesia,East Asia & Pacific,Upper middle income,2004,2020,20.46898555514151,17.8814994983985,24.8275783674222,-0.44077827240120226,2941.667929367247,51.12470588235294,-12.641007781126074
IDX,IDA only,Aggregates,Aggregates,2004,2020,40.10909451821783,35.8720333804359,44.8893258291093,0.04839489335449498,962.429797651176,30.984350902346456,-10.56384141471313
IND,India,South Asia,Lower middle income,2004,2020,63.82793000805744,48.3948115195574,79.0373957134889,0.43363776291283374,1387.4178655693643,31.744705882352946,-24.17925583134501
IRL,Ireland,Europe & Central Asia,High income,2004,2020,9.768795098876044,8.17058601306707,12.0241812631519,-0.2749837984920788,57164.879641624226,61.94099999999999,-16.36035017248809
IRN,"Iran, Islamic Rep.","Middle East, North Africa, Afghanistan & Pakistan",Upper middle income,2004,2020,36.48316224802667,32.2873733599003,39.6124799715142,-0.023291971505817556,5047.7427653511795,71.61964705882353,-11.500617352195992
IRQ,Iraq,"Middle East, North Africa, Afghanistan & Pakistan",Upper middle income,2004,2020,42.92396933619801,38.1750699787954,48.6064935140896,-0.36611063401353916,4145.58048483477,69.56294117647059,-11.06351400125021
ISL,Iceland,Europe & Central Asia,High income,2004,2020,6.205743964175792,5.10554827500189,7.19334638476617,-0.1280071601612733,52037.78369157242,93.53699999999999,-17.72866711106768
ISR,Israel,"Middle East, North Africa, Afghanistan & Pakistan",High income,2004,2020,22.553190800469583,18.5982756348314,24.9897069811385,-0.4357711966208072,34568.4065119084,91.98529411764706,-17.535945137997228
ITA,Italy,Europe & Central Asia,High income,2004,2020,19.038773595783947,14.6586386239905,23.9733403667848,-0.5868250373433929,31901.56156974975,68.99835294117646,-23.00639245357384
JAM,Jamaica,Latin America & Caribbean ,Upper middle income,2004,2020,16.13431815856371,17.413637041591,17.413637041591,0.08629111418859381,5143.235625318626,54.26847058823529,7.929178478163694
JOR,Jordan,"Middle East, North Africa, Afghanistan & Pakistan",Lower middle income,2004,2020,30.657224228560615,28.7737639174179,33.5950845427671,-0.06010124805558601,4237.050795798299,86.79094117647058,-6.143610057782282
JPN,Japan,East Asia & Pacific,High income,2004,2020,12.424782735623902,12.835201662985,13.740610303435,0.09671123159672962,34078.389256851486,90.00011764705881,3.303228202005974
KAZ,Kazakhstan,Europe & Central Asia,Upper middle income,2004,2020,20.900193724095995,20.0278724259165,27.2031824448933,0.3291494557070518,9150.9417069737,56.984058823529416,-4.173747428827852
KEN,Kenya,Sub-Saharan Africa ,Lower middle income,2004,2020,22.040880015417457,24.3917906517518,25.6442241015428,0.20984756837884197,1406.5536756338756,24.483588235294118,10.666137807065311
KGZ,Kyrgyz Republic,Europe & Central Asia,Lower middle income,2004,2020,27.210460627919627,24.3817252281764,34.3817087122114,0.33442330602245623,1018.2869203622254,35.683176470588236,-10.395764476110223
KHM,Cambodia,East Asia & Pacific,Lower middle income,2004,2020,24.999738322932302,24.1436022803452,30.1032587946087,-0.5261438060028732,1358.1528370947935,21.22464705882353,-3.4245800157106765
KIR,Kiribati,East Asia & Pacific,Lower middle income,2004,2020,11.443067090080305,11.2568272545112,12.0957946316967,-0.060258322025918354,1525.2071001719885,49.14447058823529,-1.6275342449975878
KNA,St. Kitts and Nevis,Latin America & Caribbean ,High income,2004,2020,7.870414479337872,8.5943079884613,8.69104650276459,0.04207757358392476,18674.616429162532,31.242176470588234,9.197654215338448
KOR,"Korea, Rep.",East Asia & Pacific,High income,2004,2020,25.05279024443489,25.9439899531653,28.3760075385872,0.22356883050218507,26552.421772589925,81.60423529411766,3.557287232420648
KWT,Kuwait,"Middle East, North Africa, Afghanistan & Pakistan",High income,2004,2020,61.07294695967369,53.7151434413218,66.1412461870028,-0.5171581320600629,33169.848584907195,100.0,-12.047565877589356
LAC,Latin America & Caribbean (excluding high income),Aggregates,Aggregates,2004,2020,19.004074878247398,15.4844658279965,23.7853432305286,-0.48797375679578575,7851.304643238342,78.39752304900985,-18.52028616388763
LAO,Lao PDR,East Asia & Pacific,Lower middle income,2004,2020,23.93441557931514,22.3176670505669,28.9399726698219,-0.5426384683205221,1809.7800447227169,31.31517647058823,-6.754911242309519
LBN,Lebanon,"Middle East, North Africa, Afghanistan & Pakistan",Lower middle income,2004,2020,19.90328898917163,19.2310172881236,22.0305714387326,0.019458909085633722,7841.904028625445,87.66358823529411,-3.3776915032172887
LBR,Liberia,Sub-Saharan Africa ,Low income,2004,2020,40.2704503048468,42.3616590279287,51.1180873244019,0.170899798944397,629.5758526554831,48.70735294117646,5.192911197295987
LBY,Libya,"Middle East, North Africa, Afghanistan & Pakistan",Upper middle income,2004,2020,40.479709186136674,32.9707065002742,50.1076375660992,-0.7050636273906083,10345.620997957185,78.62217647058823,-18.550041086841922
LCA,St. Lucia,Latin America & Caribbean ,Upper middle income,2004,2020,22.020665381128318,23.7585855502375,24.0761301376266,0.2040642882823027,10280.21809356731,19.645000000000003,7.892223686385863
LCN,Latin America & Caribbean,Aggregates,Aggregates,2004,2020,19.018746585571346,15.642998283168,23.5164661711553,-0.4593473418001715,8277.370897869972,79.04420424058455,-17.749583481828253
LDC,Least developed countries: UN classification,Aggregates,Aggregates,2004,2020,40.42900041402635,35.8831468849028,45.031760064159,0.02497911590564465,907.0996125354228,30.571733780529826,-11.244041362809504
LKA,Sri Lanka,South Asia,Lower middle income,2004,2020,21.88145228156813,19.9644408635608,26.4928604151958,-0.48956086158158685,3421.593906997874,18.32088235294118,-8.76089664131721
LMY,Low & middle income,Aggregates,Aggregates,2004,2020,44.15918005356195,35.5143257094055,49.8868647658867,-0.14021731602129453,3800.5241454831425,46.43080505560762,-19.576573508998255
LSO,Lesotho,Sub-Saharan Africa ,Lower middle income,2004,2020,23.947319011907272,23.4391013240086,26.9481719895266,0.10842359502486879,1008.5827535583007,25.546294117647058,-2.122232086380824
LTE,Late-demographic dividend,Aggregates,Aggregates,2004,2020,37.4183307588184,28.2348171375034,44.0008382045962,-0.5735327717311242,7251.532659865781,56.93367782995694,-24.542820150123124
LTU,Lithuania,Europe & Central Asia,High income,2004,2020,12.44142117022554,9.21893860360944,14.8205310765714,-0.345937372045741,13079.673334433985,67.09423529411765,-25.90124168714789
LUX,Luxembourg,Europe & Central Asia,High income,2004,2020,11.484714573280483,8.67476189540246,13.6552282940809,-0.3646390542705077,106004.19318062694,89.07964705882353,-24.466891710269042
LVA,Latvia,Europe & Central Asia,High income,2004,2020,15.550485544486211,11.6020322023647,18.5452444962024,-0.45690110093870145,12469.417008248425,67.97964705882353,-25.391190074585978
MAR,Morocco,"Middle East, North Africa, Afghanistan & Pakistan",Lower middle income,2004,2020,24.98299699015219,21.3212642117301,28.0161565066814,-0.2868869620105876,2878.8491928998196,59.11600000000001,-14.656899569997448
MCO,Monaco,Europe & Central Asia,High income,2004,2020,12.399985466583644,9.5810695715317,15.2557276942797,-0.36188257572196997,156362.49597660804,100.0,-22.733219346494863
MDA,Moldova,Europe & Central Asia,Upper middle income,2004,2020,19.377776257481628,14.7583463021422,23.6201492137492,-0.5080350792255512,2541.9482597805827,42.65335294117648,-23.83880324532025
MDG,Madagascar,Sub-Saharan Africa ,Low income,2004,2020,13.955171019050935,12.7535199510191,16.138736457425,0.042917429639783795,452.765074521385,33.281058823529406,-8.610794281140643
MDV,Maldives,South Asia,Upper middle income,2004,2020,13.356677664596276,12.0123911668511,16.2049659271931,-0.29610551537953994,9117.071628181695,37.16376470588235,-10.06452750827696
MEA,"Middle East, North Africa, Afghanistan & Pakistan",Aggregates,Aggregates,2004,2020,48.57171026324657,39.7214311766558,53.5618986977738,0.02044091445490587,4920.721304504354,52.167439671591964,-18.221057151630994
MEX,Mexico,Latin America & Caribbean ,Upper middle income,2004,2020,19.885888015484518,14.9923440243315,24.7337157175082,-0.48475450002795295,9756.469038165336,78.39211764705883,-24.608124049288467
MHL,Marshall Islands,East Asia & Pacific,Upper middle income,2004,2020,10.93099402684484,10.7256194470999,11.6826421251605,-0.07824074624777844,3759.7012351097933,74.38770588235295,-1.8788280301001972
MIC,Middle income,Aggregates,Aggregates,2004,2020,44.524641260545465,35.4245271811054,50.7337779204918,-0.15033211827977605,4067.878798747562,47.56815304219133,-20.438377091437534
MKD,North Macedonia,Europe & Central Asia,Upper middle income,2004,2020,33.717613471007866,26.118651401474,40.0646898780776,-0.7180882504227697,4791.917324513699,57.49017647058823,-22.53706976049133
MLI,Mali,Sub-Saharan Africa ,Low income,2004,2020,63.55242144805648,56.7830489222988,74.1479908356132,-0.22213039119421826,807.4556129992427,37.59676470588236,-10.651635880295308
MLT,Malta,"Middle East, North Africa, Afghanistan & Pakistan",High income,2004,2020,14.80934225626223,11.7226648774147,17.06318547053,-0.3642335082090378,22941.76028028482,94.18511764705882,-20.842771579151716
MMR,Myanmar,East Asia & Pacific,Lower middle income,2004,2020,34.434866315993176,32.3150340028667,41.0062465475539,-0.7125353157291353,961.0324228448019,29.325058823529414,-6.1560637223729335
MNA,"Middle East, North Africa, Afghanistan & Pakistan (excluding high income)",Aggregates,Aggregates,2004,2020,48.31810352916183,39.1850228116455,53.4651262795301,0.027979300504802154,2795.249974779105,49.26965665563813,-18.901985074816032
MNE,Montenegro,Europe & Central Asia,Upper middle income,2004,2020,23.369949355526487,17.9824100566499,26.8096357329836,-0.46911148565023736,6193.328921352797,64.80682352941177,-23.053277595582593
MNG,Mongolia,East Asia & Pacific,Upper middle income,2004,2020,29.137862861883406,29.6547866481682,38.2318589751567,0.7846238710359119,3193.6592538299656,66.73835294117646,1.774062115451191
MNP,Northern Mariana Islands,East Asia & Pacific,High income,2004,2020,8.527394125217416,9.71463085081006,10.0354064990389,0.10011269585064429,19520.012055006446,91.12111764705882,13.922620535172861
MOZ,Mozambique,Sub-Saharan Africa ,Low income,2004,2020,20.39953904818653,20.0802484321177,21.704486846149,0.0004078329873025101,525.9942663558949,33.0084705882353,-1.5651854451937453
MRT,Mauritania,Sub-Saharan Africa ,Lower middle income,2004,2020,73.65720293837354,70.8224442103687,83.0360920761507,0.13620572220707616,1518.049651136906,48.35723529411764,-3.848583186598313
MUS,Mauritius,Sub-Saharan Africa ,Upper middle income,2004,2020,9.757383231438297,9.15296880580014,11.2529952901128,-0.1269273603761972,8556.651884096314,41.37652941176471,-6.19443155302881
MWI,Malawi,Sub-Saharan Africa ,Low income,2004,2020,23.873085662665392,23.6983194353464,26.4999840992823,-0.007772654020523162,502.687996754701,15.961705882352941,-0.7320638387031257
MYS,Malaysia,East Asia & Pacific,Upper middle income,2004,2020,18.498405219866488,16.1938532237922,22.9605064623849,-0.4181930044719355,8837.6607602044,71.94335294117647,-12.458111759814292
NAC,North America,Aggregates,Aggregates,2004,2020,9.057036714645996,7.68626814153951,11.7805523820313,-0.2802247887117485,54073.65633200707,81.13938223050361,-15.134846156578307
NAM,Namibia,Sub-Saharan Africa ,Lower middle income,2004,2020,20.841517053353833,19.9945355710926,23.0948112524998,-0.011413105445581887,4207.613666936749,43.77676470588236,-4.063914733716251
NER,Niger,Sub-Saharan Africa ,Low income,2004,2020,87.55178757411922,85.1223455605238,107.144665250434,-0.18916580718959838,461.1468898201442,16.29094117647059,-2.7748628336556957
NGA,Nigeria,Sub-Saharan Africa ,Lower middle income,2004,2020,55.778078171088374,56.5313287289257,77.1229282609024,0.46197817380695966,2286.2436052126554,45.17817647058823,1.350441934422475
NIC,Nicaragua,Latin America & Caribbean ,Lower middle income,2004,2020,20.834273632185763,16.809772538789,24.714118755341,-0.48022200063656656,1865.5463153894511,57.32617647058824,-19.316733400196505
NLD,Netherlands,Europe & Central Asia,High income,2004,2020,14.524700620673823,10.8892498470498,17.646542498158,-0.45523087234326565,45463.25412961975,87.88082352941177,-25.029436878371737
NOR,Norway,Europe & Central Asia,High income,2004,2020,7.440381238985344,6.05589724673443,8.88434817216868,-0.17163531774188634,74494.60023785463,80.01723529411764,-18.607702317680136
NPL,Nepal,South Asia,Lower middle income,2004,2020,60.82470481009089,45.7207706412594,75.117974167847,0.40709413316259135,795.4520887632589,17.553352941176474,-24.831907061430954
NRU,Nauru,East Asia & Pacific,High income,2004,2020,5.889949861492999,6.06435493209495,6.44256644272133,0.0033492037434786426,6224.034442598413,100.0,2.9610620583065956
NZL,New Zealand,East Asia & Pacific,High income,2004,2020,6.770823501740737,6.48591499675774,7.42296671535298,0.019160513640258583,37315.48361810674,86.34376470588235,-4.207885568273182
OED,OECD members,Aggregates,Aggregates,2004,2020,14.497279173102966,12.2286170794392,16.8647655740375,-0.273400303081156,34843.69516686065,79.26905498297208,-15.648881880352079
OMN,Oman,"Middle East, North Africa, Afghanistan & Pakistan",High income,2004,2020,45.99606939316735,39.5835768902765,52.3107821072608,-0.051238398858749,19785.894918317157,78.29576470588235,-13.941392356981316
OSS,Other small states,Aggregates,Aggregates,2004,2020,18.871869152968387,16.758966950265,20.4418497977306,-0.10436487651270245,10278.684185267546,53.544604168729926,-11.196040972820366
PAK,Pakistan,"Middle East, North Africa, Afghanistan & Pakistan",Lower middle income,2004,2020,58.50884080250646,42.9981734249878,71.7121701033462,0.2174561889857649,1342.4185736408813,35.42329411764705,-26.509955016668528
PAN,Panama,Latin America & Caribbean ,High income,2004,2020,15.023730230884658,11.4700607490209,18.0038452585985,-0.3424173464760773,11954.665894878644,65.80794117647058,-23.653709346819806
PER,Peru,Latin America & Caribbean ,Upper middle income,2004,2020,41.051515198521535,27.0356284968814,68.549467559912,-2.4750497633375774,5421.969499081863,76.71335294117647,-34.14219093707146
PHL,Philippines,East Asia & Pacific,Lower middle income,2004,2020,23.38805791257894,20.2887417122616,30.4134910319648,-0.69871842609661,2648.9273067482973,46.056647058823536,-13.251703976029647
PLW,Palau,East Asia & Pacific,High income,2004,2020,7.007442455069126,7.32770979431049,8.9368293884579,0.07487285871417644,14215.78015540127,76.01094117647058,4.57038843051341
PNG,Papua New Guinea,East Asia & Pacific,Lower middle income,2004,2020,16.582555162439665,17.3105425567239,17.3105425567239,0.027608507265606118,2214.285194690609,13.081588235294118,4.390079738333469
POL,Poland,Europe & Central Asia,High income,2004,2020,24.389954696629705,17.9583314936851,27.7617425127035,-0.6077154091981957,11654.021497957403,60.686058823529414,-26.369967812336075
PRE,Pre-demographic dividend,Aggregates,Aggregates,2004,2020,42.01567254803117,40.7072055821173,50.9041075965194,0.1384454980392556,1393.6261355985864,38.17255456792679,-3.1142354425436576
PRI,Puerto Rico (US),Latin America & Caribbean ,High income,2004,2020,6.53338581481843,7.18841521712249,7.18841521712249,0.03381460586003672,29110.006764917434,93.78647058823529,10.025879702655585
PRK,"Korea, Dem. People's Rep.",East Asia & Pacific,Low income,2004,2020,38.413004805100854,29.9291062464217,46.0942962894263,-0.353261492735133,,60.83182352941177,-22.086006032916693
PRT,Portugal,Europe & Central Asia,High income,2004,2020,10.482258965136115,8.45242266236737,13.2564973921723,-0.31273270495185806,19651.483649420177,61.703529411764706,-19.36449299258833
PRY,Paraguay,Latin America & Caribbean ,Upper middle income,2004,2020,11.632227873017882,10.0891599097852,13.0739532959182,-0.19071397596513015,5339.0049920303745,59.816411764705876,-13.265455079434805
PSE,West Bank and Gaza,"Middle East, North Africa, Afghanistan & Pakistan",Lower middle income,2004,2020,28.993469218704362,26.3636264444046,31.9192556933104,-0.07316684037888856,3027.201882821253,74.68458823529411,-9.07046602275243
PSS,Pacific island small states,Aggregates,Aggregates,2004,2020,12.718110886850146,12.8773179905891,13.2360653228674,0.012960151884694725,3559.1416982188016,37.25690014864493,1.2518140874488322
PST,Post-demographic dividend,Aggregates,Aggregates,2004,2020,13.007339400002312,10.9979683149134,15.4794750652766,-0.27760021221700054,39676.066081200595,80.06114975909536,-15.44797920079301
QAT,Qatar,"Middle East, North Africa, Afghanistan & Pakistan",High income,2004,2020,88.12541213073777,75.6630329481338,97.7000280042596,-0.809186154162729,66923.41342385187,98.50576470588234,-14.141640738219188
ROU,Romania,Europe & Central Asia,High income,2004,2020,18.857453286768042,14.8501731264834,21.4477107307875,-0.42318053267436867,8539.663422417947,53.75423529411764,-21.250378295230796
RUS,Russian Federation,Europe & Central Asia,High income,2004,2020,14.028414534205018,11.2727775886895,16.3127366996014,-0.3217662077539621,8931.548224954044,73.91088235294117,-19.643252904998917
RWA,Rwanda,Sub-Saharan Africa ,Low income,2004,2020,30.720599881680613,31.2882654917538,31.8689793191915,0.04584202548426474,642.4786377319352,17.022529411764708,1.8478337410712482
SAS,South Asia,Aggregates,Aggregates,2004,2020,62.21649812642136,47.322842941453,77.0059054082343,0.4190199221934454,1377.033291812,31.32353001945236,-23.93843374904365
SAU,Saudi Arabia,"Middle East, North Africa, Afghanistan & Pakistan",High income,2004,2020,59.69615740649198,53.1486013629285,65.8136535735159,-0.09573014911191509,22638.564224988055,82.52264705882352,-10.968136523392753
SDN,Sudan,Sub-Saharan Africa ,Low income,2004,2020,57.73404417738476,45.8349025581217,64.1497177387956,-0.32395192203068374,1278.6141572840093,33.59482352941176,-20.610268670428812
SEN,Senegal,Sub-Saharan Africa ,Lower middle income,2004,2020,60.10706337486073,63.7402211262202,71.9845097478197,0.5493395689622406,1200.0526991839195,44.63935294117647,6.04447721676419
SGP,Singapore,East Asia & Pacific,High income,2004,2020,15.863655060022191,13.8691955865476,18.076662563077,0.03637904722906036,51350.348252783064,100.0,-12.572509083992916
SLB,Solomon Islands,East Asia & Pacific,Lower middle income,2004,2020,13.406570287163195,13.9542830081778,14.3002352896823,0.08273297693225456,1979.3162280497918,20.992823529411766,4.085405210153119
SLE,Sierra Leone,Sub-Saharan Africa ,Low income,2004,2020,41.440679427737564,43.2210935036927,51.8061671080408,0.2683051570654917,956.9636199755353,39.67170588235294,4.296295573675966
SLV,El Salvador,Latin America & Caribbean ,Upper middle income,2004,2020,24.173451752455247,20.0287144500145,28.772701131028,-0.4866476022912287,3598.606789158364,67.14864705882351,-17.145823215005997
SMR,San Marino,Europe & Central Asia,High income,2004,2020,10.859102912330993,10.6908983278922,12.1373198686156,-0.029044233889640718,49129.61849837618,96.04341176470588,-1.5489731131269586
SOM,"Somalia, Fed. Rep.",Sub-Saharan Africa ,Low income,2004,2020,24.844909504828756,24.525108218562,29.2235174003913,0.1852580276726017,380.7967362921416,40.693176470588234,-1.2871903848335644
SRB,Serbia,Europe & Central Asia,Upper middle income,2004,2020,29.40158620175991,22.5075355689004,33.95588567108,-0.6775839607211713,5768.615122908344,55.18594117647059,-23.447886741725675
SSA,Sub-Saharan Africa (excluding high income),Aggregates,Aggregates,2004,2020,39.68361442698819,39.4118680773682,48.2618368644143,0.1767234015999389,1640.7355078217533,39.28452731619916,-0.6847822547010363
SSD,South Sudan,Sub-Saharan Africa ,Low income,2004,2020,35.81268518008881,30.7373478613476,39.0581251798986,-0.24872923617134543,1648.2569865811831,18.370176470588234,-14.171898290282364
SSF,Sub-Saharan Africa,Aggregates,Aggregates,2004,2020,38.68467063202139,38.1777310513302,46.5544222062187,0.1667609122956472,1528.7317759570208,37.16021002035292,-1.310440472696095
SST,Small states,Aggregates,Aggregates,2004,2020,19.074939543572082,18.0957979628317,19.9313126639008,-0.021806024984796387,10178.819200542472,50.22532295859766,-5.1331307158472
STP,Sao Tome and Principe,Sub-Saharan Africa ,Lower middle income,2004,2020,23.123423757732557,27.3357522767854,27.3357522767854,-0.06822540913788329,1259.2452022790194,66.77023529411765,18.216716361668652
SUR,Suriname,Latin America & Caribbean ,Upper middle income,2004,2020,26.22545000279104,27.3059698425997,29.9904120028237,0.2194174617665392,8321.455204191343,66.29235294117646,4.1201193485475684
SVK,Slovak Republic,Europe & Central Asia,High income,2004,2020,20.270818203027314,15.3916194257365,23.374043016004,-0.48152363051210845,15080.915552415123,54.482705882352946,-24.070063321677548
SVN,Slovenia,Europe & Central Asia,High income,2004,2020,18.65433355765787,14.2911527506818,22.0932348008799,-0.45699836477410716,20995.514210940924,53.13629411764707,-23.38963648039264
SWE,Sweden,Europe & Central Asia,High income,2004,2020,7.115637136118757,5.63670790600148,8.6377252099159,-0.19512757167835335,49414.28138246752,85.82741176470589,-20.784213722904397
SWZ,Eswatini,Sub-Saharan Africa ,Lower middle income,2004,2020,20.80124221175794,18.7831211422857,21.8022399292635,-0.09925175582096703,3193.223017591035,22.86835294117647,-9.701925726010217
SYC,Seychelles,Sub-Saharan Africa ,High income,2004,2020,9.541797491951176,8.49983857722866,10.4836323605632,-0.04496352899628267,14448.887314852524,54.26058823529412,-10.919943706638533
SYR,Syrian Arab Republic,"Middle East, North Africa, Afghanistan & Pakistan",Low income,2004,2020,25.958966721818268,24.7058382627422,29.1311036349137,0.0012575787564254952,1130.0213089388562,53.92311764705883,-4.827343370423229
TCD,Chad,Sub-Saharan Africa ,Low income,2004,2020,54.101469211136006,49.1388484128027,64.3827504839855,-0.04499744896970484,931.9150061755136,22.342058823529413,-9.172802274493169
TEA,East Asia & Pacific (IDA & IBRD countries),Aggregates,Aggregates,2004,2020,40.381198481666814,30.4069592021401,47.464071431628,-0.6952404729081347,5620.287320552904,49.37633031623708,-24.700206171580195
TEC,Europe & Central Asia (IDA & IBRD countries),Aggregates,Aggregates,2004,2020,20.873036108400296,17.9080689402664,22.8053037111626,-0.1697279217177016,7444.29120294675,65.38686758942555,-14.204771901585763
TGO,Togo,Sub-Saharan Africa ,Low income,2004,2020,50.226333346744426,51.6661369398223,67.316079169015,0.6499261755264657,700.626386577156,38.63,2.8666309028333665
THA,Thailand,East Asia & Pacific,Upper middle income,2004,2020,33.40639443712263,31.0072016277159,40.5277251520537,-0.7698533628243535,5321.134888327772,44.73741176470588,-7.181837039978912
TJK,Tajikistan,Europe & Central Asia,Lower middle income,2004,2020,41.27272880772299,37.0534062306267,53.195882702872,0.6042139708653004,862.7799565467734,26.73129411764706,-10.223027890287616
TKM,Turkmenistan,Europe & Central Asia,Upper middle income,2004,2020,21.40516582468841,19.5997611438189,27.2198985157372,0.34282725569717204,4700.987911373551,49.35888235294118,-8.434434452206782
TLA,Latin America & the Caribbean (IDA & IBRD countries),Aggregates,Aggregates,2004,2020,19.087017933383777,15.5869189205524,23.7253450417526,-0.4755896159300876,8130.00811877265,78.99250136111078,-18.3375895860065
TLS,Timor-Leste,East Asia & Pacific,Lower middle income,2004,2020,17.895664795589607,17.4104661970888,20.7887359374482,-0.28252662896618175,1226.7522316674906,28.459941176470586,-2.7112633369193544
TMN,"Middle East, North Africa, Afghanistan & Pakistan (IDA & IBRD)",Aggregates,Aggregates,2004,2020,48.44719024880606,39.2745706384466,53.6144035383716,0.029256292118447134,2793.6755337721343,49.09996394574582,-18.933233409930338
TON,Tonga,East Asia & Pacific,Upper middle income,2004,2020,12.3343301731864,12.4784129504796,12.7574461149445,-0.010100429498943542,4067.7018256631272,23.252294117647057,1.1681443197168597
TSA,South Asia (IDA & IBRD),Aggregates,Aggregates,2004,2020,62.21649812642136,47.322842941453,77.0059054082343,0.4190199221934454,1377.033291812,31.32353001945236,-23.93843374904365
TSS,Sub-Saharan Africa (IDA & IBRD countries),Aggregates,Aggregates,2004,2020,38.68467063202138,38.1777310513302,46.5544222062187,0.16676091229564574,1528.731775957022,37.16021002035292,-1.3104404726960768
TTO,Trinidad and Tobago,Latin America & Caribbean ,High income,2004,2020,23.520119607627496,25.6022583642289,26.2592962743436,0.26677918354217905,17609.58853118809,53.87882352941177,8.852585749292583
TUN,Tunisia,"Middle East, North Africa, Afghanistan & Pakistan",Lower middle income,2004,2020,24.627366400232024,24.1829826735327,27.1525896814577,-0.10972420510925088,3816.9668060251306,67.22823529411764,-1.804430565077142
TUR,Turkiye,Europe & Central Asia,Upper middle income,2004,2020,23.094791123595936,21.6120469179783,24.6357302627663,0.04509584168683955,9754.393732220187,71.85505882352942,-6.420253803909559
TUV,Tuvalu,East Asia & Pacific,Upper middle income,2004,2020,5.755177931420127,5.91780105591262,6.20094627520115,0.005489745426783994,3288.887441217506,56.64276470588236,2.8256836961488228
TZA,Tanzania,Sub-Saharan Africa ,Lower middle income,2004,2020,23.053910884801677,25.081431153535,25.5667487604226,0.10761519306059246,859.359116498162,29.581941176470586,8.794691186517808
UGA,Uganda,Sub-Saharan Africa ,Low income,2004,2020,33.035632807958265,33.8077192571642,36.4158643204587,0.19242987692018892,789.5223235607274,20.54052941176471,2.337132313142617
UKR,Ukraine,Europe & Central Asia,Upper middle income,2004,2020,18.818657967056524,14.90010098879,22.8365079328052,-0.4570086073586353,2299.3295108570796,68.71376470588235,-20.82272277399511
URY,Uruguay,Latin America & Caribbean ,High income,2004,2020,10.51677941577599,10.5717923259135,11.8339749911707,-0.06550062376801907,15060.201719327488,94.54076470588235,0.5230965485021604
USA,United States,North America,High income,2004,2020,9.197262220004431,7.81485752365112,12.0145758307373,-0.2877362725280622,55341.397088534075,81.15788235294117,-15.030610884905759
UZB,Uzbekistan,Europe & Central Asia,Lower middle income,2004,2020,34.85532493930357,31.9604294559849,44.1982936152516,0.4717323462591451,2394.0263972509574,50.22417647058823,-8.305461183792689
VCT,St. Vincent and the Grenadines,Latin America & Caribbean ,Upper middle income,2004,2020,22.239836338404842,23.9262758481858,24.3309858655746,0.20606340656225478,7147.572166675092,49.78770588235294,7.58296726702404
VEN,"Venezuela, RB",Latin America & Caribbean ,Not classified,2004,2020,19.435915000120517,15.2565796212874,21.9066339952536,-0.3713524321573656,,88.1044705882353,-21.50315731884607
VIR,Virgin Islands (U.S.),Latin America & Caribbean ,High income,2004,2020,7.756434038485007,8.63342756669479,8.63342756669479,0.049680450831712165,40668.867986693156,94.8340588235294,11.30665875398946
VNM,Viet Nam,East Asia & Pacific,Lower middle income,2004,2020,22.755736795355446,20.8010641731194,27.4866878050048,-0.5326005242590185,2311.203319811295,31.850470588235293,-8.589801507262134
VUT,Vanuatu,East Asia & Pacific,Lower middle income,2004,2020,14.050589099793894,14.0824115364695,14.6439252034392,0.005594833801195252,2830.840846459962,24.467235294117646,0.22648471497947875
WLD,World,Aggregates,Aggregates,2004,2020,38.43737549846403,31.3231664979631,43.0855013919173,-0.12432016592015611,9710.348522459957,52.33080005318066,-18.508571171268482
WSM,Samoa,East Asia & Pacific,Upper middle income,2004,2020,12.691669641109383,12.5518952802963,13.2387733990715,-0.039029225114494415,4052.2234728671638,19.62105882352941,-1.1013079032591788
YEM,"Yemen, Rep.","Middle East, North Africa, Afghanistan & Pakistan",Low income,2004,2020,41.31655276927776,34.8323598356099,53.6338333840879,0.15412006870900977,1799.6629799864795,33.03011764705883,-15.693934994715706
ZAF,South Africa,Sub-Saharan Africa ,Upper middle income,2004,2020,23.882008428617276,23.753069242361,24.9968845183073,0.05503071808900804,5912.592668953213,63.23458823529412,-0.5399009327112131
ZMB,Zambia,Sub-Saharan Africa ,Lower middle income,2004,2020,25.01500787569943,24.3085919008655,26.8710302496189,-0.037457505316432715,1174.138262273269,40.42347058823529,-2.8239686285294665
ZWE,Zimbabwe,Sub-Saharan Africa ,Lower middle income,2004,2020,21.13325145588515,19.4941796611344,23.6162829422719,-0.0628293607667268,1209.900790067567,32.987823529411756,-7.755890276383883
